,MSITALL,MSGERML,MSSWITL,MSCNDAL,MSUSAML,MSUTDKL,MSFRNCL,MSJPANL
1980-01-01,-0.5869146126924403,-0.17546211285648528,0.899541282524418,0.8838777641482863,-0.8311177822625624,-0.12297415836782088,-0.2044129640410659,1.137462583547671
1980-02-01,-0.5550351834390277,-0.13089734391563024,0.7818138979644896,0.8751569129445289,-0.7038739763752535,-0.10705543346617669,-0.22903638236205562,1.0689275086491254
1980-03-01,-0.5377994583891307,-0.05025994131478262,0.6895267375518404,1.066941931533286,-0.9532241693958325,-0.04047975455823,-0.23713609142491265,1.0624307459977622
1980-04-01,-0.5193181645822414,-0.10479068822593973,0.6038305629951101,0.6784337148914513,-0.53370837908095,-0.03067687057068519,-0.21997758439738313,1.1262074089706384
1980-05-01,-0.6656328428066743,-0.3050664745680791,0.8459658359900916,0.8586023082438512,-0.7740642663854665,-0.015723203811610187,-0.29242844860379363,1.3483470919416805
1980-06-01,-0.6255157596485621,-0.19930381261595276,0.7066832049510304,0.9401586297011321,-0.7988328232511515,-0.023962520879148685,-0.3118961808619193,1.3126692626045713
1980-07-01,-0.56896593500045,-0.13980586211576074,0.6630812019822141,0.8987011025646994,-0.7243874199332142,-0.007872787141007642,-0.34386749033822583,1.2231171899817448
1980-08-01,-0.5234895320188403,-0.11307956834477406,0.6460328319203752,0.8738429928956588,-0.6636454122880114,0.012022173114310308,-0.40659035201571125,1.1749068667369922
1980-09-01,-0.48854048068940326,-0.12663067831074448,0.5750079812502157,0.8535681263664263,-0.7049860307855386,0.03219072434060183,-0.38148406849191335,1.2408744263203557
1980-10-01,-0.47545802439375406,-0.15934864499961665,0.6254265958594845,0.7779727059298605,-0.693585487087761,0.007137275084292682,-0.37353667461161444,1.291392254219109
1980-11-01,-0.34665045151797536,-0.1538227431550887,0.4961601142574129,0.6189021253149417,-0.5098732453678265,0.036857720404684546,-0.334005004822366,1.1924314848862174
1980-12-01,-0.35405254826653054,-0.11664072650564172,0.500342465670273,0.5806861464108195,-0.483793536334296,0.07075844874760306,-0.373156538276469,1.1758562885542427
1981-01-01,-0.3399685469548779,-0.08363877321841562,0.49286413516813654,0.6019379244704517,-0.5592558864058523,0.0552234467120325,-0.4104610539614324,1.2432987541899578
1981-02-01,-0.29628065043636187,-0.11733677778580276,0.3988052428409865,0.6836572104969101,-0.6437499381272475,0.09779478155487037,-0.46153580360277763,1.3386459350594224
1981-03-01,-0.26187433887717276,-0.1613720318174432,0.3898992721784511,0.5903009935073164,-0.4476671653238269,0.05594707856188155,-0.39181944738629937,1.2265856391570935
1981-04-01,-0.23974195871010823,-0.1160858088668193,0.34715556052896646,0.616947461035128,-0.4615095406212154,0.04217128376505552,-0.38437792190625875,1.195440924775251
1981-05-01,-0.198426197448038,-0.001208979779736774,0.23629890558708966,0.6436800606024049,-0.49385362061822213,0.03994594293635345,-0.4221398143655243,1.1957037030856725
1981-06-01,-0.19543614471704626,-0.07660529743274158,0.3689637682855199,0.714621733435052,-0.5205183030103582,0.012468956538260384,-0.5573502598397448,1.2538555467410588
1981-07-01,-0.2205950619607214,-0.0678659534696795,0.3843280123352173,0.7398675468818725,-0.5230869256029103,0.0033484009151286687,-0.5633260294967544,1.2473300103978477
1981-08-01,-0.2153925246855758,-0.08649215312214498,0.25135643302042343,0.5142976014173024,-0.15321399313194084,-0.0734988843119828,-0.37318852569273775,1.1361320465066558
1981-09-01,-0.22002653598609812,-0.09560579295711724,0.19012881535837978,0.5754365635102694,-0.35045591788822317,-0.03936773349885034,-0.347722728144944,1.2876133296065844
1981-10-01,-0.19326552773889846,-0.061635609815371195,0.29398384835661884,0.32008481729322213,-0.10596320557736949,-0.14311663465814844,-0.21916388840129428,1.1090762005412411
1981-11-01,-0.22876226368161817,-0.0875882593302777,0.41364263801648826,0.3077667442659552,-0.12897327922672364,-0.15241606818309417,-0.24555277175439463,1.121883259893665
1981-12-01,-0.20637231904847034,-0.061145656290172434,0.354167620490383,0.34873685373866525,-0.14832816479789512,-0.13070209255035098,-0.2551556504183848,1.0987994088762258
1982-01-01,-0.21598060692300688,-0.10833069987812771,0.3976259972710061,0.3151641233313848,-0.1270444146143649,-0.12885130694051872,-0.2489822428146555,1.1163991505682826
1982-02-01,-0.19367286725348432,-0.03804320716614762,0.26435948842736556,0.17944113018602836,0.009766434181845307,-0.09365529552338711,-0.18960604248650886,1.061410359634289
1982-03-01,-0.12956910247358372,0.011809978742714833,0.25677597165322474,0.1463537136078995,0.07241480752024787,-0.12431620048916797,-0.1358735713483161,0.9024044027869809
1982-04-01,-0.10470844287036013,0.07382648706650019,0.25062835424693064,0.10285380564616797,0.16243168978244682,-0.09803670150393654,-0.19549062225509892,0.8084954298873495
1982-05-01,-0.11917509238259774,0.08664523899212884,0.23117335988981935,0.07047237970499415,0.1945065370662259,-0.10859366778836105,-0.17183621520424724,0.8168074597220382
1982-06-01,-0.1201764680696914,0.12375903019609424,0.16667289326165002,0.04623652823002228,0.22527599304935764,-0.06345494822656275,-0.16702649213006712,0.7887134636891974
1982-07-01,-0.13573469771240876,0.11507083745704416,0.21371908322578825,-0.03042151881113192,0.3293912487963203,-0.03586054517984197,-0.22016271772172138,0.7639983099459514
1982-08-01,-0.1047803076127039,0.14391037974437304,0.19675580710840235,0.02009306092611368,0.31885641955836896,-0.03593919921070579,-0.23707613917468395,0.6981799786608356
1982-09-01,-0.10195592826816385,0.16119472881951502,0.133930274819126,0.053719663653694794,0.344777174285269,-0.03340442549786257,-0.23298415720238963,0.6747226693908113
1982-10-01,-0.08582223723010116,0.2566867576213687,0.081001109697461,0.026135208348837702,0.39558011904133505,0.0035528228928856376,-0.2537786626306522,0.5766448822588653
1982-11-01,-0.09772384162716136,0.22287071195303798,0.09842499799129434,0.06086822494656585,0.39277965275539395,-0.004100747686213546,-0.24486883277570204,0.5717498344427848
1982-12-01,-0.10694952801301547,0.2022217298481821,0.1410736925055347,0.05151871141438963,0.3852479685272512,-0.015714121879286086,-0.23171521518298566,0.5743167627799297
1983-01-01,-0.09588781983100769,0.24305262950299822,0.13232568811174983,0.061404945530938504,0.36885397598471803,-0.01879353862718247,-0.2401312339253917,0.5491753532531775
1983-02-01,-0.06899057104208434,0.1891201183989375,0.10581154698563755,0.0363245484261322,0.46698230089820336,-0.020255353857428327,-0.22397082220631725,0.5149782323969192
1983-03-01,-0.05163923369574808,0.24314959951498583,0.03237499088524265,0.05881227227000396,0.5401839977255205,-0.022870767765588246,-0.25106055668487914,0.4510496977504625
1983-04-01,-0.06748377922987864,0.22982492013200362,0.05556324831687076,0.04152011035918779,0.556692241214213,-0.01817208045604818,-0.2742512608103253,0.4763066004739772
1983-05-01,-0.10316655699194446,0.21153240290420394,0.09667414646540162,0.09476918978678667,0.5063087841051697,-0.015444618627626028,-0.3489445418945535,0.558271194252562
1983-06-01,-0.14336443342372537,0.26357200503079603,-0.06303999229665602,0.1516564989076229,0.5723074698086901,-0.015181954536479553,-0.33791012649510777,0.5719605330048594
1983-07-01,-0.17448834750243417,0.21145263958925176,-0.05731374011951451,0.14245890926305227,0.6055744920485923,0.004329130688437682,-0.34246280514131267,0.6104497211739273
1983-08-01,-0.13698848892084886,0.19654750050950365,0.016168302638398524,0.15239493001777404,0.5382515820926804,-0.00199762173573817,-0.3410955566724332,0.5767193520706639
1983-09-01,-0.1782576522322559,0.13088790230980574,0.021474361662610963,0.1291932803067991,0.5527330660755533,0.01567034366746406,-0.29129873205421236,0.6195974302642349
1983-10-01,-0.1937113851514914,0.14774492243624548,-0.04421410063539599,0.12211924399323504,0.5363888640280573,0.010457375276684722,-0.28331674766199366,0.7045318277146586
1983-11-01,-0.21195274801785807,0.11960217226303804,0.0035536796472277477,0.04646378047753613,0.5909143479370038,0.009036730421009664,-0.28288753956818585,0.7252695768402285
1983-12-01,-0.1897302076084362,0.17270725033944723,-0.02013962446133899,0.07272769078175095,0.5212327717764713,0.011037866527546764,-0.22446049607780375,0.6566247487223626
1984-01-01,-0.21702709631709594,0.13741546789843706,0.038813625705164334,0.06584514406574282,0.42761641748909407,0.03667779188793402,-0.23125507859825956,0.7419137278689831
1984-02-01,-0.17825151929540597,0.15914600048574556,-0.08114374465512064,-0.001321984696283307,0.4810237804955293,0.06093238115479199,-0.1925403237190892,0.7521554102298323
1984-03-01,-0.16651712328550208,0.19837933332948354,-0.031477082673486145,-0.022305184469217476,0.444307871525669,0.08623943000235193,-0.2122278682763471,0.7036006238470479
1984-04-01,-0.24634861300154967,0.08090364588240373,-0.01664692272871693,-0.03948999220864491,0.4569035319298185,0.14741546694574065,-0.1834221855381843,0.8006850687191336
1984-05-01,-0.2552795645049702,0.007834213604222207,-0.007349891017911503,-0.03340272421884383,0.5148021084167889,0.11098177485416535,-0.12445092793732336,0.7868650108038725
1984-06-01,-0.18870387399870403,0.08336145665461259,0.07642592034696749,-0.0010281154348357746,0.46423872795336174,0.09427738094154448,-0.12871261763504419,0.6001411211720977
1984-07-01,-0.17055042788348962,0.13832005257601065,-0.07080091976656588,-0.010359365807437626,0.506698170164382,0.10624936466210261,-0.10034657220131016,0.6007896982563076
1984-08-01,-0.19871879707178658,0.12392742076222796,-0.2419281876014201,-0.10052749722765808,0.7398347176242499,0.15543174912915417,-0.17258157103823463,0.6945621654234675
1984-09-01,-0.22142307338349088,-0.005312655902761088,-0.15362456180781736,-0.09756967735985234,0.7205130065048421,0.17605943154728862,-0.15893549217098774,0.7402930225727791
1984-10-01,-0.2417090230206431,-0.07662980787063534,-0.0899783349580392,-0.1142719643401755,0.7683983612754541,0.15796904339495674,-0.09879971798703005,0.6950214435061125
1984-11-01,-0.27489617776183833,-0.09959863292218618,-0.13744437496512807,-0.12011615481041743,0.6674160048705388,0.22168084834892574,-0.10955865776031615,0.8525171450004212
1984-12-01,-0.31009831856401193,-0.17575783988097748,-0.1308856430919435,-0.08248411729115723,0.7122711663585904,0.30898455123047036,-0.14002614987837964,0.8179963511174094
1985-01-01,-0.2886295614271502,-0.22492841977972922,-0.12673915283877135,-0.09437022786207039,0.7174370314383828,0.304676283973533,-0.18315181876585085,0.8957058652616569
1985-02-01,-0.21539975545660206,-0.11168565153996357,-0.22394361449252997,-0.06804524770307663,0.7762848591557299,0.1954417453781757,-0.17158983045465553,0.8189374951129219
1985-03-01,-0.20927845472493814,-0.10623871865461465,-0.25628759640545,-0.07086456409280872,0.8216602940686315,0.15208065453170894,-0.15926340322196936,0.8281917884994404
1985-04-01,-0.2002732962963975,-0.0675034553701036,-0.23714733437880603,-0.06956112062287356,0.7220428847376299,0.25809692592318373,-0.19977136636176024,0.7941167623691272
1985-05-01,-0.14073647566577582,0.0440604766676731,-0.2223398692117553,-0.038521344215926234,0.6514981462430828,0.2090791717215014,-0.21525227507039982,0.7122121695315995
1985-06-01,-0.10906642548277594,0.148059023366089,-0.27799574812600475,-0.04036535266584007,0.616402779453341,0.183406800801507,-0.2035751830743791,0.6831341057280631
1985-07-01,-0.06949306397259702,0.1662899251955655,-0.22585421602266487,-0.06788617489725851,0.5733440798024199,0.2026754027188516,-0.2227974515945617,0.6437214987702453
1985-08-01,-0.040263728804706245,0.08714666798943016,-0.08715889490867257,-0.13771697003525268,0.561000582733228,0.2885691964011772,-0.2828408387923871,0.6112639854171831
1985-09-01,-0.017818096702133163,0.15081954662757324,-0.06629380033462495,-0.1303753110129347,0.5306332923383423,0.22278548647928925,-0.2802934547476902,0.5905423373521782
1985-10-01,-0.014614946310209098,0.11786635950288626,-0.0019054412784593744,-0.13928705273781167,0.49405125302230013,0.1899520299606798,-0.282700777300699,0.6366385751413131
1985-11-01,-0.0043310932366190935,0.1743838795426671,-0.03553461673564329,-0.12529704077324033,0.48098716611075626,0.19677436423321049,-0.27174144114925053,0.5847587820081193
1985-12-01,-0.008785987339201051,0.09279425949266196,0.04503967818884913,-0.18525987132931077,0.4973316330351966,0.23031837033330108,-0.24357951003708952,0.5721414276555927
1986-01-01,0.006959911767525806,0.1550646550579906,-0.0017752383222521262,-0.16532547174460213,0.5048930111962617,0.1680418398132133,-0.22151262746793493,0.5536539196997976
1986-02-01,0.029579310317094515,0.19235414623139857,-0.047600253662673175,-0.19329744362114443,0.5142806105878149,0.13959971005752064,-0.1882319614475032,0.5533158815374924
1986-03-01,0.04233932026722445,0.1857119527229536,-0.04845461604968526,-0.2608434902688497,0.5352084621965498,0.18774743765700946,-0.21347680257879856,0.5717677360535963
1986-04-01,0.07568052200050746,0.17340202947639893,-0.07150949746295154,-0.26532115981075494,0.4637239630670573,0.2199799425524101,-0.19818096255485057,0.6022251627321838
1986-05-01,0.11921254333038261,0.27657962188435725,-0.1122603607865954,-0.259697599838841,0.42315408312240443,0.1696409772344305,-0.1689979811162876,0.5523687161701494
1986-06-01,0.07269211325100988,0.17274215643470203,-0.10248126750437414,-0.31351018969208044,0.5224478306614865,0.25875037139967727,-0.1956741754093641,0.5850331608589439
1986-07-01,0.051610179156653835,0.15404518946023338,-0.09324661019744573,-0.31497815849090294,0.49745718935792316,0.2772504229884982,-0.18233792122247727,0.6101997089475173
1986-08-01,0.05177146463498583,0.13528788977878758,-0.13293603120132202,-0.3122216899040824,0.4177781717996063,0.24260095558135775,-0.10983609025219665,0.7075553295628632
1986-09-01,0.06116960017706358,0.1460116688973252,-0.12517917238369713,-0.32274105486235766,0.3885598895465104,0.26427749168776815,-0.10748475726448892,0.6953863342018767
1986-10-01,0.04603651183911023,0.0395244069391143,-0.061320073525918506,-0.2878792065988819,0.26006020591819967,0.33668918804034903,-0.09987197670667058,0.766760944094697
1986-11-01,0.08738330540316619,0.10209289638417496,-0.1047863529713493,-0.29964742801783373,0.2961607244800609,0.4153272487388625,-0.10108672735786955,0.6045563333407882
1986-12-01,0.06613115156927635,0.07987616406865317,-0.07911125247400141,-0.22467478663568885,0.25685771634687316,0.33344326446793054,-0.06333636855881059,0.6308141112157679
1987-01-01,0.07275279321632744,0.08556732369789466,-0.0740896332242631,-0.2246957143306079,0.24730529112494615,0.34127905637679096,-0.07977103702883948,0.6316519201677518
1987-02-01,0.07598131280098985,0.05618073028829651,-0.0616271253417805,-0.20143005268634062,0.28024232189194187,0.24822727310488346,-0.0615178207409679,0.6639433606829772
1987-03-01,0.06582145027723746,0.05560930450625712,-0.109072359603821,-0.20134865363440502,0.295950652734415,0.28420916997985995,-0.03864373894611328,0.6474741746865702
1987-04-01,0.06105166361025788,0.035886580287644576,-0.14984948176660629,-0.18041073639178434,0.27196624801830527,0.25676400563801355,0.0119613292258689,0.6926303913783001
1987-05-01,0.06287541494076992,-0.03335165151346342,-0.12061009701173098,-0.1748985553240613,0.24295795500893924,0.2504916070778883,0.03957500687924831,0.7329603199424101
1987-06-01,0.05715943961142084,-0.004519825383146547,-0.14684391963542776,-0.1727462264343413,0.27009892028255955,0.2690470151284907,-0.013196820880930438,0.7410014173113753
1987-07-01,0.06873798333489639,0.060162603130744285,-0.10306386283537505,-0.17794629992565103,0.3377627715091527,0.27649190355951875,-0.08052306151930583,0.6183779627460201
1987-08-01,0.08078620151942822,0.05991801066010327,-0.07302789449457925,-0.13091303505744256,0.344397345479734,0.2282373294450767,-0.07075311776458282,0.5613551602122623
1987-09-01,0.04964490797010629,0.06422637877145065,-0.08619396765930631,-0.10066782266479446,0.3760197736989558,0.1701305320150397,-0.06928259702071093,0.5961227948892591
1987-10-01,0.07510049274738789,0.08987139180298365,-0.10446800498719933,-0.10736239141562798,0.4325103410491171,0.1558655662274746,-0.1100738822482849,0.5685564868241494
1987-11-01,0.09398015320066072,0.004273589896228391,-0.10343988897171563,-0.059135901990284734,0.3737708971785498,0.0854071813054122,-0.1369533418011316,0.7420973111822806
1987-12-01,0.11452455800379918,-0.021122112782808067,-0.15062415946698926,-0.0834036162405678,0.2937715672181038,0.15804719129532813,-0.10846659501496808,0.7972731669881018
1988-01-01,0.1088286345341728,-0.013897386623993646,-0.22032972115470628,-0.0968548281938868,0.3406994976694808,0.17253367104888429,-0.09598775582776808,0.805007888547817
1988-02-01,0.0793065837697764,-0.027090887433140143,-0.3205433735667861,-0.08199990283207903,0.42770495093360195,0.17499569828956552,-0.08281688850962549,0.8304438193486872
1988-03-01,0.05915488330513413,-0.02336638273134417,-0.36401434670141986,-0.074404039628436,0.44234236014070183,0.188499871193763,-0.05797316922577578,0.8297608236473767
1988-04-01,0.07896432414382787,0.019914634488936933,-0.3575586805046121,-0.052863235141953235,0.4066542608641276,0.21728608049834452,-0.1391383851924961,0.826741000843824
1988-05-01,0.06882314688701985,-0.002147793198279957,-0.27756264505296135,-0.030359170554921988,0.2949389614269915,0.25134379378596183,-0.1371798425737576,0.8321435492799476
1988-06-01,0.04664327861517403,0.023500720899444216,-0.3558747270340703,-0.09560039676548948,0.44086246452321165,0.20736237150014236,-0.0817453236160195,0.814851611877607
1988-07-01,0.06961672149807058,0.04602913692923094,-0.37250707962908425,-0.03408005317591134,0.48818299321539527,0.1472988269447425,-0.06361589317112093,0.7190753473886772
1988-08-01,0.08482780028557696,0.08224631049049036,-0.40890163763926335,-0.028701381900315237,0.49647063516946244,0.13594549543946016,-0.09730746801260126,0.7354202461671902
1988-09-01,0.0825514856374272,0.08583856799510126,-0.41721514282100103,-0.04476269265355304,0.5374491479325533,0.09640174240480126,-0.0575712885599593,0.71730818006463
1988-10-01,0.03715741559352587,0.07754264989048776,-0.43224939814678753,-0.06113300430628721,0.5798761165262645,0.12739796449850527,-0.0726017420048789,0.7440099979491702
1988-11-01,0.05292767215810157,0.04360061707879581,-0.3699543657725253,-0.08860325730359842,0.602294689151988,0.13971504167979865,-0.08250302192316339,0.7025226249306026
1988-12-01,0.06306954330228098,0.004799080386765908,-0.2680373723151729,-0.15281679982448093,0.53824474254404,0.11987638258366806,-0.053815240127516706,0.7486796634504155
1989-01-01,0.332218908490628,-0.31499396463377377,-0.16179777648652216,-0.21106795625307462,0.6363380647989016,0.05234212325775617,-0.059713654936094596,0.7266742557621784
1989-02-01,0.29172367610749234,-0.2665137608526812,-0.3345685918772808,-0.1782364999068239,0.6380242840681832,0.12062354089863547,-0.018791352677272,0.7477387042397476
1989-03-01,0.25553013443293554,-0.26324076598914076,-0.3091867550957972,-0.22274704224906922,0.6943281257812315,0.03516613459106943,0.0068054434531393815,0.803344725075631
1989-04-01,0.2920692656084335,-0.23441350657001606,-0.32343587189334616,-0.24377618975751553,0.7693205321486689,-0.09819957976470489,0.0049540248627732986,0.8334813253657067
1989-05-01,0.3188631399753664,-0.21816406932993232,-0.3262709281549279,-0.2965637598299971,0.8355496440261131,-0.11868983220927398,-0.02340760856351104,0.8286834140861632
1989-06-01,0.2683421926593866,-0.17097310460346204,-0.36404740187323636,-0.31925544609969736,0.9349417196670291,-0.1568600053437968,0.013518070240135183,0.7943339753536416
1989-07-01,0.3336401435759728,-0.17781878287586755,-0.16206333961345232,-0.3634435193575496,0.8688848769281017,-0.11078832745328693,-0.1059059999918226,0.7174949487879043
1989-08-01,0.3035130279778337,-0.23583706753784073,-0.11233788764044123,-0.3204376532150842,0.8115892079905112,-0.09763125101952369,-0.085418798088714,0.7365604215332582
1989-09-01,0.3136595977550713,-0.22615556215965804,-0.09247057807504311,-0.3844359238160828,0.8795988795907306,-0.0772883823658932,-0.12391963960165231,0.7110116086725278
1989-10-01,0.3029175013280811,-0.11272732863629636,-0.2505067204012966,-0.45947188209600953,0.9920575955380415,-0.053640413001912635,-0.1845209167681825,0.7658921640375752
1989-11-01,0.2927292532035899,-0.1556117017405847,-0.2067326392089328,-0.3754711444500508,0.9118025183949706,-0.09535800475477724,-0.13622462788726486,0.7648663464430503
1989-12-01,0.3183430203406819,-0.14827848345037453,-0.23075294546484992,-0.4746316874609431,0.9681987086580259,-0.10569704231096555,-0.15854191055110545,0.8313603402395303
1990-01-01,0.3373372951084076,0.020109908769468055,-0.3619675332554803,-0.5220440741615746,0.9460360669125983,-0.025050428193756025,-0.15551897402804082,0.7610977388483781
1990-02-01,0.33598933607277964,0.10951868114482521,-0.2980772763020664,-0.6807494664560616,0.950659597385189,0.04030987796133745,-0.214129129342569,0.7564783795365655
1990-03-01,0.3470613193574569,-0.06835020267352376,0.026864398386466593,-0.9733189051436322,1.2369912836357262,-0.036234773125996156,-0.24444573645355075,0.7114326160170539
1990-04-01,0.3744024149443652,0.14559703227550447,-0.14600421253671503,-0.723064362748342,1.124183582722564,-0.06316071929689221,-0.1513454307968281,0.4393916954363441
1990-05-01,0.3776875112054584,0.11923706464772432,-0.18695722237260448,-0.7905753689969679,1.2172921128831833,-0.08477306117951328,-0.12897354294811864,0.47706250676083845
1990-06-01,0.38808191971325123,0.038059625551971066,-0.04455410741191279,-0.8846430888376101,1.2314090173094023,-0.023148158737464508,-0.16938119776017663,0.4641759901725391
1990-07-01,0.37693230157184715,0.09571146910517048,-0.07969396339156842,-0.9063942697465415,1.235660525232629,-0.01592421281009926,-0.16252563980332368,0.4562337898418858
1990-08-01,0.3397034313747245,0.13366220018126984,-0.08917963617341174,-0.8477844720432856,1.1371907696053536,0.0038927337901794035,-0.13464945923851435,0.4571644325036852
1990-09-01,0.2727823068265336,0.11921618086442998,-0.08652266852291413,-0.7306959625499516,1.0812768709419747,0.056999099749511395,-0.15721454679108526,0.4441587194815007
1990-10-01,0.26482106887133583,0.031466516999344774,-0.007135905325905023,-0.7005502139970794,1.1028206426779317,0.06358748515955848,-0.10955602347153459,0.35454642908634804
1990-11-01,0.21155660005872423,0.08412002069751212,-0.041493040450495844,-0.6586814711796057,1.0500169683930753,0.04464006811693244,-0.09201955691876673,0.40186041128262384
1990-12-01,0.18867757666529766,0.0927673066625988,-0.028220519732484073,-0.6607761293465939,1.0170370701244293,0.09631046599565529,-0.07875587619388702,0.37296010582498396
1991-01-01,0.1877055453960509,0.084700905267313,-0.044659667762444455,-0.5938780078997825,0.990532105745229,0.0977395062385904,-0.08218918976837375,0.3600488027834176
1991-02-01,0.07517668600562111,0.03955522903353037,0.11013279941551235,-0.6417246868345486,0.9979119674722385,0.09975905018360554,-0.012735439940186555,0.3319243946642276
1991-03-01,0.05237269959012608,0.07292129043369433,0.07638757539077834,-0.617055673296935,0.9511379467499055,0.12870662574816139,-0.014020876835436291,0.34955041221970573
1991-04-01,0.0469498919450379,-0.04833154122622807,0.1815322907293977,-0.7290428614669756,1.068794903434449,0.13164213935433555,0.0037807640617476546,0.34467441316823655
1991-05-01,-0.002910400687025194,-0.07179228945610794,0.2713140002172776,-0.6729199469094543,1.0284961287403322,0.06827117373410918,0.05513467781059023,0.3244066565502779
1991-06-01,-0.09534734304631076,-0.14519286869593717,0.3024673388589847,-0.7618485018926056,0.9545509380761579,0.13103198167938435,0.354189464825287,0.2601489901950397
1991-07-01,0.02541124931253158,-0.18017642714376136,0.19614007381827547,-0.816456970556472,1.0541412331780102,0.14380202400297204,0.33097435844259837,0.24616445894584643
1991-08-01,0.0523696894272071,-0.17552644349155588,0.24018828633029687,-0.7700487113634691,0.9686382956179096,0.19746096082619302,0.253572971996177,0.2333449506572416
1991-09-01,0.0011412019833600962,-0.16807578417792401,0.2815824282257535,-0.885981606549345,1.1321308458111938,0.16969966032181172,0.2591106920455538,0.2103925623395956
1991-10-01,0.013684035911107006,-0.13723700770286273,0.1718834876364148,-0.7643804139546744,1.0085178225295652,0.24618845964910152,0.21809147913543558,0.24325213679591304
1991-11-01,0.007501931573304255,-0.10816831545548011,0.08947252464560917,-0.5962970693628996,0.9310914285051322,0.1757146729502661,0.23267214638748235,0.26801268075658685
1991-12-01,0.03753069265719611,-0.05282619606759553,0.08515780108880078,-0.6513542331330762,1.0353259495772784,0.10345794910807893,0.20601096160681487,0.23669707516250296
1992-01-01,0.044569695008732535,-0.028530176533293483,0.04403398028948402,-0.677553159841422,1.0702361341717088,0.1031251899162775,0.21844788537805404,0.22567045161045723
1992-02-01,0.06755358444559956,-0.01421292408858621,0.10575462458883811,-0.47195756035877334,0.9145651020940759,0.03754808119273467,0.16070165582777451,0.20004743629833666
1992-03-01,0.03255168319436852,0.02214529692209566,0.07046768351354982,-0.4584734271299373,0.9351541192334882,0.04574217428021654,0.1373347309803239,0.21507773900589447
1992-04-01,0.018508566815586103,-0.016565587078476218,0.12387832208827287,-0.4118117138492434,0.9142577016642419,-0.028798900774737568,0.2263825825282939,0.17414902860606257
1992-05-01,0.03542411210566154,-0.04720224384363858,0.1585260107028228,-0.42270964406603695,0.871657776452321,0.05837030205511007,0.20557576610096628,0.14035792049279416
1992-06-01,0.054009428365005885,-0.07043605772857475,0.2477104725028758,-0.4395345153157588,0.8869519162869561,-0.012374371578754317,0.1902165169862351,0.14345661048201497
1992-07-01,0.042276605078618745,-0.1378814840527527,0.339393528676325,-0.2561602925848594,0.6339445731084103,-0.06249754152170717,0.34430844149784456,0.09661616979812104
1992-08-01,-0.0036239362205090497,-0.1984429701460908,0.4105860934554948,-0.3588759526572576,0.7635902084091886,-0.11059345082454175,0.39470750058341997,0.10265250740029597
1992-09-01,-0.04256837872709984,-0.21905902829612,0.5522557613416663,-0.5842417829790547,0.8335602408893177,-0.1058179919274741,0.41451040053050114,0.15136077916826304
1992-10-01,-0.05824569090456788,-0.3352978771396167,0.69198633258582,-0.6037017065767045,0.7776369970843184,-0.14821865050573035,0.5193188077763891,0.15652178768009167
1992-11-01,0.11267636094151556,-0.2851953966260239,0.5045065441899785,-0.5347060253219409,0.831805080864515,-0.1878847845562852,0.3992916811628273,0.15950653934541356
1992-12-01,0.10327876157514637,-0.2592338351712291,0.43985231693177407,-0.6513205677575642,0.9407007380724979,-0.10926805363811254,0.3911228835034626,0.1448677564840248
1993-01-01,0.1462125652384373,-0.36739975767637933,0.4133791913125453,-0.8526787710826467,1.0986843234221602,-0.030439446345277066,0.4901538322235981,0.102088062907563
1993-02-01,0.15476820257585966,-0.27309103474225105,0.36559270697738877,-0.8619140507685565,1.1330019213492366,-0.0359505140522266,0.3887775927380601,0.12881517592248914
1993-03-01,0.14683339489000002,-0.3016588391285586,0.37623461195497554,-0.8113266895154927,1.0331040026192142,-0.03476414163094599,0.46114588091056463,0.13043177990024307
1993-04-01,0.08354721503135021,-0.42540374504034095,0.5120726288378163,-0.8080203981728318,0.9898401477330419,-0.017898869498454206,0.5124505157993982,0.1534125053100212
1993-05-01,0.2250904872500349,-0.4879530027995287,0.5613437668533212,-0.8643970449659355,1.0079732281698772,-0.09689542348456603,0.46680822620801354,0.18802976276878242
1993-06-01,0.2523797032552614,-0.47152233636708096,0.6968038314776082,-1.0044491600217107,1.0764630922445906,-0.14159021169186214,0.40075981870372446,0.19115526239946762
1993-07-01,0.25371432149650236,-0.5514245432852635,0.7550877110280081,-0.9736215380277572,1.0240936726446959,-0.12446429759019129,0.4425032542244045,0.1741114195096008
1993-08-01,0.2426981873258477,-0.5030319310880814,0.6574144024991315,-1.120243204253928,1.163909863392946,-0.09142308185036707,0.45192042536767607,0.19875533860677547
1993-09-01,0.2635523763187739,-0.452934639763404,0.7102953931598086,-1.1856369404824796,1.1658600059506967,-0.08315458830005795,0.39552106910759854,0.1864973240090644
1993-10-01,0.29366089105893545,-0.48392878094030056,0.7588758467370162,-1.2654449522455002,1.2043091591376087,-0.038036860349999535,0.3799864933642838,0.1505782032379565
1993-11-01,0.24569432383948697,-0.45248651645271787,0.7403505398424453,-0.8621618854516272,0.9143032075453945,-0.060761405942699964,0.34523763441527366,0.1298241022044449
1993-12-01,0.23630163616637534,-0.4336041387674079,0.7780791029700891,-1.0496580841952727,1.0406739902962898,-0.0031113984816273366,0.3304431510580048,0.10087574095354844
1994-01-01,0.28117861499083857,-0.4554061901231965,0.7973799666679673,-1.0104872855217106,0.98510412025764,0.01528279960823331,0.3378104570582934,0.04913751706193422
1994-02-01,0.22583959092547956,-0.49291209488610654,0.9172159394120851,-0.9007614294323938,0.9100633223465107,-0.04113936663036821,0.31438718513326136,0.06730685313153179
1994-03-01,0.23994676880508625,-0.40775439355134635,0.7677685108660421,-0.9775918078207841,1.0940538227916785,-0.10748230266983905,0.26291350946849734,0.12814589211066557
1994-04-01,0.323189947163622,-0.3798483653409854,0.7806536245917226,-0.929138229067427,1.0603314895161104,-0.14191914874666256,0.21687952259714272,0.0698511592864764
1994-05-01,0.35842526028880894,-0.318257302412019,0.737829139075983,-0.9253913782350167,1.0217778449486943,-0.12181461201564714,0.1683378207031656,0.07909322764602988
1994-06-01,0.3317248658911106,-0.3150656866941528,0.7515472212996908,-0.9792829991111721,1.119589956582509,-0.1381276481598438,0.07659628872142399,0.15301800147043443
1994-07-01,0.32115157892886337,-0.3466183313992759,0.8257276009736727,-1.0096188713124885,1.0693818682965133,-0.10508293463121354,0.09114108951887645,0.15391799962505323
1994-08-01,0.29660891042507087,-0.31943256576378687,0.7478022211147941,-0.9734428879746253,0.943442226167363,-0.06178858882959992,0.23016587759986273,0.136644807260921
1994-09-01,0.2802331706079544,-0.2895123223793703,0.7805790031052768,-0.9318677968609158,0.9200265248366106,-0.04871610601623322,0.15943396207127303,0.1298235646354038
1994-10-01,0.3367286384335355,-0.35351763605789044,0.8324722269358149,-0.8278218834697642,0.8489829895817882,-0.060917713152271236,0.1151804511015011,0.10889292662728631
1994-11-01,0.3316068275403017,-0.35584411955163886,0.8404427777844468,-0.8480524488065555,0.8358964860125695,-0.03201735688545804,0.12972880733383607,0.09823902657249836
1994-12-01,0.32115423567095597,-0.40563597852635214,0.9073194298955123,-0.9062089653646868,0.8892448021981889,-0.08347588181867027,0.1995120211288146,0.07809033681623724
1995-01-01,0.2962307846238591,-0.38888333183503065,0.9454695173688257,-0.8970875496138172,0.8719377953357179,-0.08200526788631213,0.1783473306899872,0.07599072131677093
1995-02-01,0.3075544680027,-0.4027594600517026,0.9954938091953769,-1.0385067953763154,0.9480672507788606,-0.0493892413221243,0.16220598197115765,0.07733398680204741
1995-03-01,0.28078004153150826,-0.44139423329656724,1.172900957807528,-0.9561631534530528,0.7645254791306713,-0.01210215860342756,0.18497514402760484,0.006477922855736257
1995-04-01,0.27016419522942303,-0.5013284299411394,1.1945240785467317,-0.9278987593033261,0.8183828434779952,-0.09508310578925405,0.22545745471888434,0.015781723060685524
1995-05-01,0.27477071313118495,-0.449986889953332,1.069180692208826,-0.912957000083647,0.8956078521325801,-0.12352811128153285,0.17615353522704602,0.07075920861887469
1995-06-01,0.24806145380309352,-0.4806391094669783,1.1361117434322487,-0.8738812477076191,0.8775133738025236,-0.13330301036779946,0.17581025047175403,0.05032654603277689
1995-07-01,0.2234534637997453,-0.48586863329927865,1.1055000254692648,-0.8167202046581,0.8445928073544053,-0.10267686704309464,0.20493122921239348,0.026788179164665082
1995-08-01,0.18524980561761573,-0.3736491968679261,0.9123100926734435,-0.815205421961599,0.9517726643748077,-0.1290677131919704,0.19937698459945352,0.06921278475617365
1995-09-01,0.17467950497215068,-0.38256955882645205,0.8791098091980922,-0.7981299460207512,1.0462848033000107,-0.16956391095100232,0.15854320627958707,0.09164609204836513
1995-10-01,0.1497550212172365,-0.4843787884473524,0.9467027420190599,-0.7808300313321487,1.0453223794403996,-0.1413715416368051,0.21649878617497076,0.04830143256463898
1995-11-01,0.15435985219648407,-0.5677960210371334,1.0007663507351487,-0.7799809493806393,1.0816897570981567,-0.18722668241242924,0.25263951971016674,0.04554817309024489
1995-12-01,0.09702056781682572,-0.45948493297443993,0.8905826396877528,-0.7109951166592585,1.1073484191184142,-0.21295531438575177,0.19261029030543997,0.09587344709101764
1996-01-01,0.13568906147914192,-0.5215111665167991,0.897237659880681,-0.6814846181806645,1.0459329197426293,-0.15472988307795932,0.19986492918867205,0.07900109748429822
1996-02-01,0.10244438802787026,-0.3989382956971399,0.7061650212146673,-0.4672813393052304,0.9661347253173673,-0.1544589964498142,0.16476631970742273,0.08116817718485553
1996-03-01,0.036521084877940674,-0.3643598676646197,0.7565377071955193,-0.43022479355821197,0.9533922398544665,-0.19279904200168574,0.15953942551405365,0.08139324578253698
1996-04-01,-0.04564411703580068,-0.3454554129084909,0.8959183604594458,-0.46014426289629107,1.021651053379014,-0.2662201925849246,0.12412138447188303,0.07577318711516473
1996-05-01,0.022196102039672594,-0.3846765925537857,0.774339083468305,-0.43111819999143286,1.0575877018025763,-0.22824816144630167,0.10240142630429827,0.08751864037666873
1996-06-01,-0.01691180507683729,-0.2751783106549477,0.6927873745427269,-0.36735394110034014,0.9601463501989029,-0.181467906568202,0.11879263575642318,0.06918560290227416
1996-07-01,0.02212702658025195,-0.28598002780206533,0.7192210220194593,-0.38652849393118704,1.0010567061395923,-0.2369472399295538,0.11067383012834742,0.056377176795155276
1996-08-01,-0.0642708831645499,-0.1960093953159856,0.7065304603243734,-0.36640125613293684,0.9905402503489835,-0.05245368542141382,-0.031583935534211904,0.013648444895740686
1996-09-01,-0.08229886757853053,-0.22664109858184234,0.7469983657394512,-0.27607607020916114,0.8985594233076915,0.008135672280073059,-0.04818307712834047,-0.020494347829341786
1996-10-01,-0.01903168381686482,-0.22963963102987506,0.6006957066045719,-0.4855533138766206,1.1422015206411846,0.06238319583394292,-0.03782792463741125,-0.03322786971892805
1996-11-01,-0.07623853730579436,-0.18158473978892242,0.5637959723017874,-0.3325331052516536,0.9885810636814834,0.06128158242974724,-0.004874668859270792,-0.018427567207376497
1996-12-01,-0.02262504374342003,-0.2151952513190033,0.4859578455915716,-0.3442307265773479,1.0651921952888048,0.1122783987010515,-0.03484635061527841,-0.046531067326378364
1997-01-01,-0.024299046315334222,-0.22603189089896503,0.48410032069538067,-0.43811099318437363,1.1847268707231797,0.09307558118449899,0.005560161855128198,-0.07902100405951519
1997-02-01,0.00565844176660113,-0.1833785299226357,0.5149170707685138,-0.453824388797579,1.2120161377977046,0.044988472326137785,-0.03343871760834871,-0.10693848633039485
1997-03-01,-0.02266257819176537,-0.05277029581559667,0.6199323466469209,-0.5409425928841158,1.293298373537802,-0.10121271865337267,-0.10599998320153492,-0.08964255143833844
1997-04-01,-0.017607600654811928,-0.08464742418119187,0.7244093750654492,-0.7071098274976906,1.3475035384132426,-0.028361604221821546,-0.09060001355589942,-0.1435864433672776
1997-05-01,-0.08216585695507744,-0.01471561385980591,0.8044688916888423,-0.6779290440106895,1.4496326345352424,-0.17602299672849075,-0.1196278566119161,-0.18364015805810574
1997-06-01,-0.04364085608061469,-0.044191359450991285,0.9527134427769304,-0.6333813804735569,1.3825464870347663,-0.3451036027865728,-0.08478049767467422,-0.18416223334528595
1997-07-01,-0.021572297539183508,-0.11170941390883438,0.9391081321389712,-0.6680814984544916,1.3740465745100923,-0.34752960221304685,0.008204858646727597,-0.1724667531802351
1997-08-01,-0.007085302021290957,-0.033487053128079425,0.8332670999907892,-0.7327665555467275,1.4746235680364144,-0.3121331256887943,-0.06891870389601307,-0.15349992774629753
1997-09-01,0.12338754607616206,-0.18045164055506147,0.7596599778612534,-0.6935437660299244,1.4071654921249328,-0.12044802249310804,-0.06469277227987003,-0.23107681470438401
1997-10-01,0.1047800806013452,-0.18229790145018332,0.7673696194151578,-0.644127161640504,1.336482709782806,-0.16909902724897707,0.014123424719282296,-0.22723174417892675
1997-11-01,0.016642771442642,-0.1363431849928205,0.7539735914088626,-0.678960975375354,1.5090760548776365,0.02305805923365839,-0.06786231522709485,-0.4195840013675308
1997-12-01,-0.09070486326487803,0.0591812073834157,0.8333900411452859,-1.0240022932426727,1.9892851187592546,-0.056145384319856106,-0.20742281245822725,-0.503581014002323
1998-01-01,-0.01981603930490136,0.02636322558057036,0.9655399475515793,-1.0565161829667526,1.9634240492057793,-0.17844982007702098,-0.16411710276947233,-0.5364280772197804
1998-02-01,0.03578638741599155,0.0038831532463213803,1.0264900900726301,-1.024778561327532,1.7308205838918902,-0.16544551956369108,-0.02817300879459006,-0.5785831249410202
1998-03-01,0.08446742091793341,-0.10424963400300902,1.1339715648564643,-1.1560166833188519,1.8714585182883772,0.0019423079555167533,-0.18848609384536508,-0.6430874008510651
1998-04-01,0.08320569620176102,-0.21967334075466205,1.330634067720887,-1.5570426505846968,2.337039849835759,-0.21741166275826523,0.07463035686938846,-0.8313823165301705
1998-05-01,0.06442254644199255,-0.07292221289907519,1.3725458375828152,-1.5987310264312273,2.4192325372244903,-0.2957209901020407,-0.0521773719765013,-0.8366493198404527
1998-06-01,0.11207104207672242,-0.007277201524521049,1.47730643254301,-1.5433580857090778,2.2768872116485652,-0.31985305412880105,-0.1379030907272666,-0.8578732541786324
1998-07-01,0.09979862053831197,0.05359189059186087,1.4252176908498628,-1.884815817963967,2.5697063858714513,-0.21959839272777232,-0.22319547286119468,-0.8207049042985531
1998-08-01,0.07943039036554443,-0.020688462313124933,1.6636975674538452,-1.9579603191212733,2.606140858736001,-0.33615237952154603,-0.09155975549964357,-0.9429079000998029
1998-09-01,0.08667254263839871,-0.09165432429882503,1.4710174620408867,-2.3097989803078622,2.920173078959353,-0.08923732180206118,-0.10076856676456702,-0.886403890465323
1998-10-01,0.09896757750039066,-0.04788795011748659,1.3664040162043594,-2.3707403975798016,3.1517454956456428,0.02597875226178742,-0.333084574072833,-0.891382919842058
1998-11-01,0.058840082629609866,-0.12168758582247219,1.4076352357978013,-2.1543424121844597,3.014414884515472,-0.12556705490596842,-0.24731073095841494,-0.8319824190715698
1998-12-01,0.06278706619548531,-0.15496308114228474,1.4156711091629326,-2.380785557046773,3.4588541250861446,-0.14119590541066313,-0.3229726795898785,-0.9373950772549634
1999-01-01,0.13919510588324635,-0.2034083391864513,1.5205369770126052,-2.5699481969529248,3.566593156267497,-0.01055474061061723,-0.45347682020019126,-0.9889371422131635
1999-02-01,0.07244815646850661,0.10188670686116919,1.5203013106321277,-2.4037686593140917,3.4062224314668392,-0.42065187468114473,-0.3643642307480486,-0.9120738406853568
1999-03-01,0.1093660307658403,-0.1200668115357294,1.4501735747928195,-2.46806722103592,3.5722766537556137,-0.2340678677096794,-0.3515483558357028,-0.9580660031972423
1999-04-01,0.11451909065631165,-0.16054560045237232,1.2419277547740648,-2.275416432843211,3.3878302484201117,-0.19397159668694863,-0.3261798893403324,-0.7881635745276221
1999-05-01,0.03140302808375447,-0.05882102003686973,1.102141173626458,-1.9472040938708677,3.0955582048340906,-0.14768687184031964,-0.33075729994720227,-0.7446331208490444
1999-06-01,0.0470957233973175,-0.14749921073575456,1.028609437398011,-1.8223973988999553,2.8707543794088415,-0.013906601402329688,-0.2593849652167267,-0.7032713639494026
1999-07-01,-0.0707319952121701,-0.05491958996058577,0.7421561710933914,-1.8509872728187866,3.124726295346396,-0.09025182647328389,-0.18766376751251024,-0.6123280144624498
1999-08-01,-0.06990100905560279,-0.10806690682979603,0.816305389713723,-1.6784592577582678,2.86398003219548,-0.10307922992050805,-0.1650618991963817,-0.555717119148648
1999-09-01,-0.08969247112914382,-0.0633055602210778,0.7894032929460589,-1.6451287617754544,2.7379212881991677,-0.16376105337601315,-0.06402737994398444,-0.5014093546995539
1999-10-01,-0.012982806348847117,-0.16514894157222848,0.8120103821816398,-1.3937522784241085,2.4379410740363205,-0.09636929498505975,-0.08743771542751388,-0.4942604194602025
1999-11-01,-0.03900176036618874,-0.12948455634943679,0.7450574610424239,-1.4096656525866418,2.417680581021918,0.046875934515121176,-0.12078245403784327,-0.5106795532393537
1999-12-01,-0.03019528862185919,-0.2030880150015954,0.6767324053203034,-1.3178059517326306,2.4176609051812834,0.031735331621617346,-0.0798104413002888,-0.49522894546683044
2000-01-01,-0.04250467330409591,-0.23042381468783735,0.604336350002909,-1.0697286953005436,2.3032058061649168,-0.113907567144435,-0.007765241270378476,-0.44321216446053524
2000-02-01,-0.06979829953483352,-0.24752605105082826,0.4198712296981688,-0.8776493911163761,2.464937641139756,-0.40779852299278396,0.11555575678756547,-0.3975923629306685
2000-03-01,-0.003204277112591525,-0.13830624719300133,0.3047125320357411,-0.5370295387190025,1.8434420485002543,-0.3912345320940944,0.24774876614875363,-0.3261287515660598
2000-04-01,-0.012941702090293355,-0.1848559935840492,0.33105037039675167,-0.5306686154897513,1.8498597075117509,-0.3702301701090065,0.2000490231888984,-0.28226261982429957
2000-05-01,-0.039613979169599425,-0.1641310066741991,0.3012808534321486,-0.37295139955040024,1.7494899477837125,-0.26560132538288006,0.13402035851583638,-0.3424934489546185
2000-06-01,-0.0345513700307484,-0.18877738648286135,0.321808388267143,-0.3670657174960603,1.7578382886048738,-0.40856061578122727,0.3037663574181154,-0.38445794449923415
2000-07-01,-0.020191554560336472,-0.39974916129766125,0.36732303753446593,-0.2523714900384296,1.7632164698963446,-0.5589839928929957,0.4456682650984949,-0.3449115737398825
2000-08-01,-0.03146420498935676,-0.4821611331800446,0.42143653731277697,-0.2297972572582938,1.8619153574224685,-0.6722353303855145,0.5174737725210918,-0.3851677414431277
2000-09-01,-0.035890754899920996,-0.47590196148326835,0.41978742790591217,-0.30195775375560596,1.9823839258032918,-0.950117419379285,0.7226750511200009,-0.3609785153111249
2000-10-01,-0.0046008401926038445,-0.3331131705586885,0.4427369042945578,-0.3951324919320066,1.9128081389450402,-0.8684960097091678,0.536418897913109,-0.29062142876024055
2000-11-01,0.04685651544053002,-0.41690098556377586,0.5672118701030242,-0.44560994030546963,2.2222560524670008,-0.8996755950542829,0.42049876640024964,-0.4946366834872767
2000-12-01,0.15211234949616498,-0.48541998703140377,0.7826628636121398,-0.4298832989719996,2.007914740793556,-0.936216772042616,0.375265972626838,-0.46643586848267793
2001-01-01,0.10357544428782257,-0.45342928595751664,0.8500095046831875,-0.48198329193842193,1.9611052489820442,-0.9850702118213959,0.5502273019618478,-0.5444347101975682
2001-02-01,0.13011653065378723,-0.38869247744260066,0.7703543596241041,-0.4381685698708867,1.9715426598453807,-0.9943494953987024,0.4828669510934139,-0.5336699585044962
2001-03-01,0.10290847048756885,-0.2826690884161345,0.8310470616755653,-0.575583837186146,1.9707436262664513,-0.9186622580592488,0.38374204036704507,-0.5115260151351015
2001-04-01,0.14261093696343125,-0.28703557085390663,0.6689384683719188,-0.5820095254940378,1.8397921811178755,-0.723556249099716,0.3860420120840825,-0.4447822530896474
2001-05-01,0.15855406363332855,-0.39275514065095163,0.6554850420947935,-0.6216058351403807,1.9307397085698548,-0.7872140896117883,0.5247207341961367,-0.4679244830909939
2001-06-01,0.11473196876090869,-0.4638612255481408,0.6908400617265591,-0.5159636117724402,1.8948014547766692,-0.6964198241343866,0.4503580397948511,-0.47448686360402037
2001-07-01,0.13302195333536693,-0.39575502595817635,0.6782680432581492,-0.5824469420318021,1.8317449110521498,-0.5933923354610682,0.4220431609532833,-0.49348376514790177
2001-08-01,0.13738703644728792,-0.38583196680855814,0.7154708438181707,-0.5874383210013884,1.9246080433357156,-0.8009730527890693,0.5040460847410679,-0.5072686677432259
2001-09-01,0.22649038776620176,-0.47651815500321965,0.7727517537971359,-0.5316933476964916,1.766569148455593,-0.6743287821762706,0.4001756177711028,-0.4834466229140514
2001-10-01,0.2272567637994734,-0.5971599919411739,0.915900449399303,-0.5015653517452919,1.931152246513908,-0.7210502265044527,0.304097055366766,-0.5586309448885322
2001-11-01,0.25776710675300096,-0.5472588343583458,0.8728399041525806,-0.5918429789372674,1.9230726468129524,-0.6100058902180711,0.2979737916320855,-0.6025457458369353
2001-12-01,0.1988717937458246,-0.536673444030149,0.8356822640680235,-0.5529828088294901,1.9371107740615243,-0.624576222554323,0.3260039190725852,-0.5834362755339952
2002-01-01,0.19182282517401694,-0.5332704275404649,0.8182883750781665,-0.4846042808025288,1.8313650066405367,-0.5449206194903771,0.3194771100296,-0.5981579890889495
2002-02-01,0.18978248084650343,-0.555893735791968,0.7665984566785344,-0.47741369072212314,1.9123426691852872,-0.500171686202635,0.28081181594290816,-0.6160563099365077
2002-03-01,0.2097295571829523,-0.538135669028611,0.761910434820374,-0.4618360986598823,1.8115292175911724,-0.4543611421709225,0.1976697334402806,-0.5265060331753637
2002-04-01,0.2211366187073796,-0.48041439878898073,0.7557715942289189,-0.4229635446917378,1.6127774114758766,-0.35269601679158913,0.13530919129297703,-0.46892085543284473
2002-05-01,0.2545369511817805,-0.4102536700536571,0.8952615421992511,-0.32790435223324355,1.4950273729152634,-0.6303669259081478,0.07637904864030953,-0.3526799667415568
2002-06-01,0.2415922105559637,-0.4859705084628855,0.9131539138627884,-0.23331003933845618,1.3986085843810372,-0.6165877102975746,0.11145884570381548,-0.3289452964046885
2002-07-01,0.3032465895857974,-0.49193572621217896,0.8309035594773635,-0.20405540214710394,1.201030774414698,-0.39615635352284606,0.07200063878729157,-0.3150340803830207
2002-08-01,0.3298894606491676,-0.5315492124268948,0.7843228414365584,-0.2526833429154153,1.297578227012021,-0.34614398169627814,-0.01429372659710526,-0.26712026546205375
2002-09-01,0.38487226216977644,-0.6547833358075067,0.7283434461533325,-0.2241538643165396,1.4163049966892636,-0.21248234360814644,-0.00549084215529283,-0.432610319124887
2002-10-01,0.42327953350032244,-0.7734344286980819,0.7020573163567121,-0.13665310620148707,1.3563299428951712,-0.06808140593233669,-0.06460141326201052,-0.43889643865828953
2002-11-01,0.3269543142345708,-0.6794381416195632,0.7194325653533172,-0.19473185878190025,1.3074462080339986,-0.05617204952222932,0.02215792615688028,-0.44564896385507363
2002-12-01,0.39731759726587834,-0.7189168904002513,0.8066710363705649,-0.056773093662009666,1.2567899300291705,-0.20231371419836286,-0.004318658481514026,-0.4784562069234767
2003-01-01,0.4110752960569055,-0.7765123991790934,0.7449749038574098,-0.03819276844524899,1.1598518368193838,-0.08944896557599735,0.040025218917995264,-0.45177312245135454
2003-02-01,0.3685682063619122,-0.8308860507179804,0.7562707056082045,0.07902114923450265,1.066249329796051,-0.07499595598242847,0.10692179744190744,-0.47114918174216897
2003-03-01,0.40202403456231633,-0.8903658769225774,0.7875691644497815,0.12185929173554388,1.1002776192681658,0.014812600049328717,-0.04837897270249303,-0.4877978604400658
2003-04-01,0.5628303635429439,-1.0410829556756558,0.8391250431167534,0.12685356295712125,1.4157501135302417,-0.1439456628412299,-0.06828873673687097,-0.691241727893304
2003-05-01,0.39098262803338846,-0.9730589676146478,0.8732422096578389,0.055455784635362715,1.5766126309666126,-0.2584330566889055,0.15568863558165047,-0.8204898645713004
2003-06-01,0.4012593238455721,-0.9498390027404225,0.7940491382044577,0.10012191297637907,1.46004923786059,-0.14804961629981395,0.15511477880630142,-0.8127057726530635
2003-07-01,0.3717924966542534,-0.8331587336142001,0.678686649503975,0.07825188871590272,1.477621273981057,-0.19681036915238903,0.11860653038426539,-0.6949897364728638
2003-08-01,0.32251150543035056,-0.7576336371730134,0.7729905511178082,0.09484789067922583,1.4572943821252407,-0.2545788717929429,0.07847162932569884,-0.7139034497123673
2003-09-01,0.2483689874227334,-0.7652909450994517,0.7275460083543235,0.14755723907712825,1.4795751125872587,-0.38346020941527237,0.1594941375127017,-0.6137903304394214
2003-10-01,0.30601994398957355,-0.7979204611106909,0.6511593529265783,0.2339985383393668,1.3075697454294608,-0.19516949380831394,0.07495087691244495,-0.5806085026784199
2003-11-01,0.33271467699655843,-0.7580808374635571,0.5612147648703162,0.12087054909632489,1.3778128023701812,-0.19936495200656368,0.11296586065363301,-0.5481328645168921
2003-12-01,0.40760538666850765,-0.7588677412770111,0.550830764262028,0.12119124252924429,1.347886845310232,-0.2912443936742597,0.11893655360755462,-0.4963386574262959
2004-01-01,0.33744011116469197,-0.6872679416237311,0.5222288529591128,0.0897488028039537,1.348031410820631,-0.28747151552419004,0.12513079566432328,-0.4478405162647917
2004-02-01,0.30759451281607275,-0.638771395141398,0.5347413364028324,0.0766420001624386,1.4428953780029325,-0.36010969130306836,0.14681473212086815,-0.509806873060678
2004-03-01,0.24413993217316898,-0.7150374438933496,0.5511325225184909,0.18636809515844077,1.2614905765753055,-0.05011391107267893,0.14823201253415275,-0.6262117839935297
2004-04-01,0.04555350506722189,-0.7906321851699918,0.48988638916319616,0.19665911171865846,1.2443195069294646,0.019672175333679487,0.3294051252721424,-0.53486362831437
2004-05-01,0.040873447806986984,-0.8544127840784156,0.5778891347133912,0.1673543675712712,1.3951893240486037,-0.06221636787062046,0.32103846154829396,-0.585715583739511
2004-06-01,0.02854480265974202,-0.8633825104753639,0.503814035720723,0.19206135756620624,1.242974497514173,0.17287088077344337,0.36865639381739723,-0.6455394575763198
2004-07-01,0.06968417103004843,-0.9230280370585725,0.5395632239371628,0.32629777364100376,1.3222788221751975,-0.11074774209256688,0.45849391723892263,-0.6825421288711956
2004-08-01,0.09120005073992765,-0.9321696563569516,0.5887124746960868,0.36656517825714996,1.2965860591792608,-0.039707909507849415,0.31525333854825544,-0.6864395355558797
2004-09-01,0.12562836579238013,-0.9720692967991379,0.5720362000918663,0.3168024098015909,1.3461487165606743,-0.1503374186871418,0.4221584788191628,-0.6603674555793952
2004-10-01,0.08655432939684304,-0.9307370806752471,0.5167550340622669,0.2997101149345833,1.260083288141991,-0.04445828701054344,0.49307168824950276,-0.680979087099396
2004-11-01,0.1944200144740328,-1.0001975755162102,0.5686176228232742,0.4430920122412778,1.2766796869543042,-0.21620090682675186,0.44393734927357986,-0.7103482034235076
2004-12-01,0.2292937898505537,-0.9006381390139583,0.5486299300889633,0.4469744569281866,1.1568475283857458,-0.07226690274358938,0.2779164449472282,-0.6867571084431309
2005-01-01,0.25315239783122867,-0.9065749075420008,0.5394775358720819,0.38806611377413236,1.139516723774534,-0.1454251795892565,0.37465945950634527,-0.6428721436270648
2005-02-01,0.16615263088495347,-0.9023185734376726,0.4753963766150492,0.4267551241114813,1.0005865362204343,0.04309205852820175,0.411579961812818,-0.6212441147352645
2005-03-01,0.18752945321791703,-0.9257044880458916,0.44050843999532674,0.4358011073698518,0.9088908857319167,0.11589598628959163,0.41475426907191015,-0.577675653630624
2005-04-01,0.25071385568048354,-0.8452431630837136,0.43104841393455917,0.4804203888888763,0.8634945652241273,0.09684327096462098,0.28070412405774725,-0.5579814556667008
2005-05-01,0.1178536404717101,-1.0283179561711528,0.5057933378686434,0.4789437970300887,1.0058219727716509,0.050139343664737934,0.5509825517083016,-0.6812166873439784
2005-06-01,0.13446804506599097,-1.0193141224497415,0.46830202816736777,0.46001165788767095,1.03316078550963,0.014686040404916723,0.5533144654725932,-0.6446289000584275
2005-07-01,0.12959051072391725,-0.9845020198411216,0.3847464082523736,0.4869801897295669,0.9208713123524497,0.13031164070755596,0.5320868301233941,-0.6000848720481358
2005-08-01,0.07712084921772933,-1.1535338380977196,0.5237435186111239,0.6172000430061539,0.9887929242722104,-0.057000260746316034,0.7179803491158796,-0.7143035853790599
2005-09-01,0.0496488318759567,-1.1249401196143887,0.4886722431939383,0.6571745732288898,0.7606269067282732,0.052549151689713414,0.7736800669883253,-0.6574116540907085
2005-10-01,0.07007270118998399,-1.1145217159784984,0.41952585586109015,0.7156292261440662,0.6891192708735399,-0.012344470143402564,0.8062742772240292,-0.5737551451708064
2005-11-01,0.08944095955981446,-0.9701280670234989,0.43475854780768086,0.5716137731927577,0.6878774218971468,0.029284552858559465,0.6255697210352871,-0.4684169093277471
2005-12-01,0.17368900720261626,-1.021207831014312,0.4679897828738093,0.6049327936140738,0.6985052928605662,-0.042289394204645614,0.6404913623479138,-0.5221110136800221
2006-01-01,0.14939535721138308,-0.9163905285695841,0.4200958088701723,0.6210298988579759,0.5758550583021032,0.04878178153426216,0.5627798820977206,-0.461547258304034
2006-02-01,0.1209601036552006,-0.9149213361189417,0.5245280946540102,0.647927088342763,0.42735875990502414,0.1535985533652604,0.5139042440081987,-0.47335550781151525
2006-03-01,0.2078051688987066,-0.8477126153917873,0.47255645281359515,0.6239139571867844,0.44643167752272706,0.1395301558792963,0.38626973413845844,-0.42879453104778
2006-04-01,0.24748132150532776,-0.7917600188990175,0.34291758291774044,0.5691880664742164,0.3925486062967678,0.2525156824943662,0.37191048409395133,-0.3848017248833526
2006-05-01,0.11362301117501339,-0.7184382203846917,0.445137774696877,0.5976563430720196,0.3049057785891739,0.33710733904692525,0.3470291192764421,-0.42702114547175846
2006-06-01,0.18828614444677716,-0.8013911101367697,0.4841397996021355,0.5967070636541536,0.32312081829161765,0.2593393765228962,0.3757828435468604,-0.425984935927671
2006-07-01,0.17496635401971594,-0.8421160300446044,0.4192151168032674,0.6314202810900982,0.27140536505587165,0.36700377750115054,0.4278436501294447,-0.4497385145549435
2006-08-01,0.22800594770993055,-0.9516386715302181,0.4867133891743862,0.6617040104504415,0.3457088448058445,0.21401982711300604,0.47623587146105706,-0.4607492191844463
2006-09-01,0.28968711401205094,-0.9964310821942606,0.42847402158454484,0.6057049070778333,0.4210026400704101,0.052749411944712055,0.6084310116012603,-0.40961802409655024
2006-10-01,0.2545596668400836,-0.9333430744248765,0.5234337417753188,0.5311466041889494,0.44507197713906543,0.024055579890808865,0.5642568278285198,-0.40918132323786954
2006-11-01,0.3559175083272552,-0.8552570944384956,0.5241057393927127,0.43765475136811616,0.45448817153758514,0.0012079162347347072,0.4216676439110296,-0.3397846363329386
2006-12-01,0.36120569763144705,-0.8186093785795805,0.5828520756914986,0.4610773256361882,0.3939449629816847,-0.012941730438866816,0.3600420447920718,-0.3275709977144407
2007-01-01,0.3775748524634903,-0.7849373634009564,0.59669333850686,0.4205777209845798,0.4676946148767327,-0.18742270693356122,0.3832517395728403,-0.2734321960699876
2007-02-01,0.3405527196373228,-0.7044287392729216,0.5709322870103206,0.3747535689735859,0.42096597648976,-0.07914863725120957,0.30449593324908886,-0.2281231088359452
2007-03-01,0.5066666473800223,-0.799298450995223,0.59504966501232,0.43506913373565625,0.44259674443248453,-0.27891464920653464,0.29804134531628135,-0.19921043567500724
2007-04-01,0.5347247436691229,-0.8977192456343157,0.5284543193731797,0.49983524156978887,0.5508509265781607,-0.3379753905334071,0.366076874962189,-0.24424746998471836
2007-05-01,0.5045206165676688,-0.9212354938494711,0.5082676224895262,0.5239603438040126,0.5330452992744967,-0.3825554907755859,0.5135987814045402,-0.27960167891518584
2007-06-01,0.43546808013987515,-1.0057639649432328,0.3633893119585625,0.5766699468542584,0.5016943424465345,-0.2858231414486476,0.7596296858427403,-0.3452642608500903
2007-07-01,0.39264565146031694,-0.841524275375465,0.3186063021384671,0.582372957685553,0.3943833530876838,-0.07997444725130798,0.5325677543494161,-0.29907729609466427
2007-08-01,0.3427844736893455,-1.0886816720401078,0.374368343827423,0.5983811118405145,0.3520474069604568,-0.19121044081584282,0.9104708219742568,-0.2981600454360449
2007-09-01,0.3129096919924863,-0.9501462047765195,0.47425074089489994,0.5894295654332947,0.39189689174234765,-0.35690862268435986,0.7936935880280451,-0.2551256506301969
2007-10-01,0.3052783678758584,-0.9007386161877231,0.46709521254638253,0.6205055391272941,0.39381869172536565,-0.37645884440679556,0.7400281898697196,-0.2495285405501012
2007-11-01,0.1849441492589321,-0.8331649326579678,0.3519267432722777,0.691194885603095,0.1128356977543008,-0.1291298755211212,0.8195178432121066,-0.19812451092162475
2007-12-01,0.21318873893031687,-0.8122461409452693,0.35946091985545836,0.6019271108423592,0.09327417937172955,-0.19154572817123272,0.8604027977230482,-0.12446187760640837
2008-01-01,0.17004109689578106,-0.7381789614090559,0.30540005149064653,0.6357518551123886,0.14317997064675225,-0.2513623147227797,0.8338056946318284,-0.0986373926455637
2008-02-01,0.11264027198752569,-0.8861683187657126,0.459949614564252,0.7914369048045262,0.27258960584467284,-0.5379499302038675,0.9583421738213023,-0.17084032205269745
2008-03-01,0.10266738142490128,-0.8470612512180953,0.45038234060394067,0.8491016242624709,0.1887398443890238,-0.4810457801940875,0.8958064627832272,-0.15859062205138197
2008-04-01,-0.0354139026036413,-0.7927223823201661,0.5413460728780577,0.7381101061553352,0.24172485201265737,-0.5410087135621118,0.9640086665434788,-0.11604469910361162
2008-05-01,0.13893220811782525,-0.7370847713910114,0.43446771386559924,0.7241337874829101,0.21233621297064653,-0.3974213548576606,0.6839953922225437,-0.05935918841085294
2008-06-01,0.10739764767320414,-0.7938096489793214,0.34909372636194236,0.8196544375087971,0.1400225065743379,-0.22407684818802975,0.6105760016767121,-0.008857822627642925
2008-07-01,0.09275046834485434,-0.8236234831905631,0.47069825871063675,1.0906369577077288,-0.04297098069918337,-0.1565012617805177,0.4823758895156516,-0.1133658486086091
2008-08-01,-0.15695797186206795,-0.7983488032146382,0.3826414123016513,1.0961055354493374,-0.0806469355735504,-0.0017169079552932232,0.6546205979610402,-0.09569692710647665
2008-09-01,0.07828107781833427,-0.7654161283936471,0.9995332564727653,1.7198851424000985,-0.04204361777654286,-0.8427430663883095,0.19414263308599722,-0.3416392972186953
2008-10-01,-0.06513214575941317,-0.9352400696308432,1.4306171841880189,1.758625853385505,-0.15061104538462722,-1.3978321710349273,0.6436898470444241,-0.2841174528081366
2008-11-01,-0.14258939400553028,-0.9169651673181112,1.8244833514427476,1.4715266916780494,0.07335586137712036,-1.7146847476574134,0.5956500129526603,-0.1907766084695208
2008-12-01,-0.28691708999679233,-0.7992976863579528,1.6971673553968532,1.2749969991129244,-0.23937337312397733,-1.489827874855354,0.6979875985843931,0.1452640712399098
2009-01-01,-0.4799948348288452,-0.7137609056789627,1.916311639290551,1.5064375953468732,-0.33562285664991665,-1.8018761361776958,0.7479929537497476,0.16051254494824707
2009-02-01,-0.40264509199648435,-0.8347889583614228,1.8358175158366357,1.5572225793136765,-0.2693607361100523,-1.602437743404558,0.5681717093602527,0.14802072536195293
2009-03-01,-0.9224575001614568,-0.7642022388851051,1.9752006414826102,1.7285864787512213,-0.6140699245511043,-1.783286154352031,1.1899452045951833,0.19028349312068343
2009-04-01,-1.0059476541356127,-0.6544267865418574,2.2162442637997226,1.8616655927568968,-0.7043693385691436,-1.865577711072194,1.0918251179360876,0.06058651582610369
2009-05-01,-0.6654411109261851,-0.7045084577135148,2.0201778550896146,1.7283361354295081,-0.6637017776917431,-1.7313452840353376,0.9491504346736068,0.06733220517404889
2009-06-01,-0.637570050427275,-0.5248410613152572,2.1290773370924008,1.8416603777952294,-0.8731291939004704,-1.5980678420371266,0.6296576732229102,0.03321275956958969
2009-07-01,-0.4940190361485626,-0.6516609117021037,2.3823134405977404,1.8260691179774762,-0.977302131594151,-1.57784140333193,0.5072745755434909,-0.014833651341957244
2009-08-01,-0.4916517598794341,-0.6335861926210358,2.3472277395950245,1.831071763588993,-0.9028972051958704,-1.5597588329200542,0.49391752872053374,-0.0843230412881592
2009-09-01,-0.29189521787325967,-0.6892021940797708,2.382900009121539,1.7748040344458031,-0.8462900986648765,-1.5475855277897992,0.3067949658236273,-0.08952597098325671
2009-10-01,-0.33656591704323047,-0.6828092695093098,2.385681103094936,1.762155008641109,-0.7641008009938917,-1.511021564675735,0.35020367242850803,-0.20354223194239032
2009-11-01,-0.12674627023062568,-0.6707681559672558,2.4335781786067185,1.6304065523311504,-0.7876091847224322,-1.2714433586864882,0.020395317138989455,-0.22781307847005774
2009-12-01,-0.2039123935772169,-0.5357433148668811,2.54048636136212,1.7213382363358698,-0.8985161976813294,-1.1725703086077468,-0.17300082934579208,-0.2780815536190292
2010-01-01,-0.1662439730306211,-0.6054235958778102,2.605592352745865,1.6453137510772713,-0.781144954206384,-1.1185853451997367,-0.26827483178872136,-0.3112334037198634
2010-02-01,-0.4749838828578685,-0.9415549782126362,2.78208449920853,1.499891084500767,-1.026007521650996,-0.6989011113278085,0.15906019112446756,-0.2995882807844562
2010-03-01,-0.6787906241777684,-0.856628168675301,2.969311076134441,1.4525328019088466,-0.8934953353446393,-0.466745560323913,-0.1721267513788174,-0.3540574381428483
2010-04-01,-0.679574985993316,-0.8032187477330739,2.8440989748095316,1.3753583223244812,-0.8589632599252428,-0.2970766060500045,-0.23596200583304405,-0.34466169159933074
2010-05-01,-0.6349873714203711,-0.34380533938318925,2.6586734062121598,1.2418455662462309,-0.5736285311321381,-0.06808594639477938,-1.041921912307215,-0.2380898718206997
2010-06-01,-0.9130468285496436,0.07635583600737306,2.658348722515871,1.2707422103892012,-0.6832714616507229,0.3360667482081592,-1.6162301884198111,-0.12896503850042712
2010-07-01,-0.9178784364617838,0.2294566580687798,2.7586735376305467,1.23773002516662,-0.7173626381716798,0.33656210136997355,-1.7987133878306203,-0.12846785977183406
2010-08-01,-0.720094301049317,-0.058882614961100366,2.2120667104040477,0.8978159663816854,-0.5936317591157503,0.6252244057740555,-1.2587883595274212,-0.10371004790619887
2010-09-01,-0.7238474169608571,0.11140242980734172,2.4123691051021394,0.8910313235552538,-0.7333615772552435,0.6957615347870352,-1.521753931678373,-0.13160146735729433
2010-10-01,-0.8954900842692026,-0.09515158268731749,2.1878703230023717,0.9322749294415802,-0.6824857035435838,0.5216353523251094,-0.8167963948838235,-0.15185683938513317
2010-11-01,-1.124626044299665,-0.2769755560384226,2.2589614616005274,1.2630619765931166,-0.7975783958148108,0.09608484952964957,-0.22444384841371523,-0.19448444315668134
2010-12-01,-1.3460563046748562,-0.1609478622844147,2.062074146905648,1.268265680688938,-0.671338350477173,0.16347785689023553,-0.16486607938443498,-0.15060908766394265
2011-01-01,-1.243710938929821,-0.24752950658960415,2.004726248532665,1.2538925143753308,-0.5709011692209263,-0.009719178065486389,-0.09333439717624614,-0.09342357292591397
2011-02-01,-1.0643612926319932,-0.47779940531314047,1.8026854070225,1.0530270024018078,-0.6171045034791036,0.20331524615174246,0.1573529128337583,-0.057115366985569516
2011-03-01,-1.1068643349808915,-0.7786536558772807,1.9084973181031062,1.5350746324185343,-0.6878287630113573,-0.38381316354754436,0.6800728399968339,-0.16648487310139803
2011-04-01,-1.251186264435617,-0.6440432375929275,2.351139261271558,1.8047294700881906,-0.7233091533655367,-0.6514654753450966,0.6176856516653864,-0.5035502522859571
2011-05-01,-1.134061292790157,-0.46832676091374914,2.836155124776226,1.8964340497496757,-1.1370528868658454,-0.44208222471735237,0.09624034674719972,-0.6473063559859964
2011-06-01,-1.1707677691367837,-0.5103243125709458,2.871108005785348,1.8480511324084001,-1.1415902518414072,-0.42542533742034916,0.1699206777289497,-0.6409721449532155
2011-07-01,-1.2547209449701007,-0.6227527462715896,2.486924932142348,1.8640162708361458,-0.9297630423141943,-0.7727438127692201,0.7028412308773824,-0.47380188753077257
2011-08-01,-1.3471348008858297,-0.4308753857132368,2.5268895587417965,1.820641027950464,-1.0032628674845512,-0.5571871948260734,0.38376072069031686,-0.39283105847288324
2011-09-01,-1.571623044216206,-0.5203002568956925,2.546373122108037,1.9629750637033565,-0.9162744801276062,-0.8229032577213395,0.7511778116517434,-0.4294249585022949
2011-10-01,-1.0492475315002572,-0.05446435512587744,1.8380620752540051,1.2117881831170907,-0.334709538231861,-0.16019923011870318,-0.3706640178608156,-0.08056558553358156
2011-11-01,-1.098637414006525,-0.018683738870760802,1.9236904239471064,1.3385342725664993,-0.33402199398014654,-0.13224288431571196,-0.5397796382774782,-0.13885902706298336
2011-12-01,-0.9999647570718362,-0.04611149869681341,1.8172493078334258,1.2071394476752184,-0.24218859371941925,-0.09439563486685909,-0.5461168729635171,-0.09561139819019956
2012-01-01,-0.9469140821244681,-0.08771877067099165,1.7997898945175248,1.1575613307071793,-0.16110769010733916,-0.12927495402523714,-0.5783321531905345,-0.05400357510613346
2012-02-01,-1.1077497611390268,-0.06639926894671522,1.7419931670577964,1.0737868096019598,-0.26969684511929204,-0.1179780113835891,-0.29672340779375705,0.042767317722625625
2012-03-01,-1.1145344606897134,-0.01686272878432682,1.6569138326910344,1.0529032515248784,-0.2166467922218649,-0.082944122919975,-0.2927569470975193,0.01392796749748676
2012-04-01,-1.200830816004085,0.0002067206012523748,1.5718131514765494,1.0107348747855722,-0.07320605975412642,-0.08222022281188401,-0.26047315484791334,0.03397550655463408
2012-05-01,-1.3501346108903474,0.05346790741040808,1.5037341863130522,1.0062703163139597,0.11524892607011772,0.09360936160102895,-0.3195742962601127,-0.10262179055810661
2012-06-01,-1.4128557344318056,-0.09447222470099303,1.3732781362374482,0.9340062288428959,0.4245091596071884,-0.04123737319734566,-0.08736947353896429,-0.09585871881842267
2012-07-01,-1.5094970741988916,-0.23064294005978536,1.1660629640302747,0.7997457754106716,0.6212073887619249,-0.04840061075108615,0.24705196792745454,-0.0455274711205631
2012-08-01,-2.0080925707020856,-0.05343828211765844,1.3506347325893016,0.9408473136677595,0.21264151412137577,0.023094017654097243,0.692439867763925,-0.15812659297671425
2012-09-01,-1.8568934448507723,-0.06745778172419614,1.4750528462466628,0.9991433563465981,0.08458795171939881,-0.19839411730644407,0.7095894897936246,-0.14562830022487086
2012-10-01,-1.9038934762225708,0.40067715561630557,1.470656027517988,1.010582149859828,-0.03189279069063433,-0.20521174580626633,0.41810798186646725,-0.1590253021411192
2012-11-01,-1.7342443284193585,0.3626965536045139,1.5483490405880072,1.0132623102097722,-0.14921223732801048,-0.12015247133729412,0.1755460699178224,-0.09624493723545013
2012-12-01,-2.1067113788994405,0.34531175156492555,1.5658818030449941,0.9495446877646994,-0.3142038360565924,-0.07566149357156116,0.6761373713586956,-0.040298905205720215
2013-01-01,-2.1533656077897447,0.706761783045601,1.5221559889786236,0.9349685832929686,-0.17864250958451056,-0.18806321120339842,0.3994651276911876,-0.043280154430727524
2013-02-01,-2.2342821759032763,0.6999809453828978,1.5496340721840358,0.7483655408837047,-0.1728446171512137,-0.04264911633633828,0.5130448564826997,-0.0612495055425098
2013-03-01,-3.11630828098314,1.1061028933961246,1.6634375803854997,0.6271055501722964,-0.41455331536615914,0.24566688477069443,1.0655483443071905,-0.17699965668250567
2013-04-01,-3.1439710532038316,1.121069909636212,1.6899200461921786,0.6174803404086853,-0.5522956683829943,0.24640186361298078,1.1346464701056878,-0.11325190836891941
2013-05-01,-2.42192109962867,0.6859662247095986,1.4423044630025528,0.39983049366007695,-0.37711134759944853,0.1416804834145582,0.9544774307643542,0.1747733516769801
2013-06-01,-2.5932476980246086,0.7198043737982953,1.189515610264913,0.3039603545976388,0.007257841614158433,0.06025475248502321,1.2210609589500354,0.09139380631454558
2013-07-01,-2.634407206923097,0.6956510714176662,1.3450142844416293,0.30149222513514884,-0.08280956606671008,0.11447972854209132,1.2381883819083375,0.022391081544934993
2013-08-01,-2.4059585670997015,0.4723033198663469,1.1107101766936125,0.27389502667044097,0.13557443898320498,0.06419993924269018,1.3279659208364096,0.021309744806995545
2013-09-01,-2.186428124326964,0.44708163532505774,1.3459375334583994,0.2757003521856476,-0.01448132429890503,0.3007962326969631,0.9442534538919913,-0.11285975893219127
2013-10-01,-2.389147884605735,0.5986295606666356,1.3040320495462705,0.27555949886284425,0.04297082548003628,-0.006997571423288829,1.2678843275508456,-0.09293080607760756
2013-11-01,-1.9207367311433172,0.37868000943891467,1.3304201502054127,0.2910984477436225,0.25247598322875664,-0.06773563062932908,0.8481102865584198,-0.11231251540248194
2013-12-01,-2.115529085388063,0.5201000550728421,1.217774742029908,0.23774302528632463,0.3622935647559533,-0.06427908117035663,0.9172140766615104,-0.07531729724811678
2014-01-01,-1.9491971047600245,0.4747474750273972,1.1398701278677132,0.19677908044471715,0.4483583787135146,0.011788158790960068,0.7368804744172577,-0.059226590501533866
2014-02-01,-1.7060179114632805,0.40808744480519543,1.2334991899598524,0.21234605530904926,0.41117459320740535,0.0681457509514467,0.4384448304582884,-0.06567995322795586
2014-03-01,-1.7037727627549875,0.4364146438477783,1.340879148242194,0.2636425304265846,0.501668128031937,-0.17347087642708559,0.4583122839409626,-0.12367309530738158
2014-04-01,-1.2857027923568582,0.37570338667749503,1.4653465381726314,0.3265701122409086,0.7184071393101172,-0.42966215708918964,0.11157767575537836,-0.28223990271048177
2014-05-01,-1.5009253257569979,0.32183321267012444,1.4255510641070872,0.46834521023563136,0.49526631108061014,-0.33621448716399804,0.3948578671205274,-0.26871385229298406
2014-06-01,-1.4312854991669726,0.377759696884973,1.3917989720429422,0.448028803734569,0.5670492022153479,-0.4403029372402676,0.28420432067034884,-0.19725255914094353
2014-07-01,-1.3856901983126966,0.32150749104311993,1.3690264664463765,0.4149971992796142,0.6307729716402402,-0.29283923189115413,0.16285877260971038,-0.22063347081521095
2014-08-01,-1.3796651369005628,0.3344663796232896,1.3835504027557985,0.46002243104915674,0.6592356567867679,-0.46489654819313264,0.13778662796493268,-0.13049981308624953
2014-09-01,-1.455906776706052,0.3924259908242047,1.438516594526238,0.46446093107783515,0.711476897468069,-0.47630579524257577,0.12213079906282598,-0.19679864101054467
2014-10-01,-1.2803400932147802,0.2467159435989803,1.3659309194110825,0.3315826266443498,0.9124289108759269,-0.6036350150059588,0.09536261061058848,-0.06804590292018936
2014-11-01,-1.4257058325458836,0.3080030023895748,1.3509072690384125,0.26182833636781866,1.1213432528829848,-0.6511118910598412,0.13819747666153015,-0.10346161373459578
2014-12-01,-1.57226042055066,0.3346749267044449,1.3528067484471922,0.26793375507359896,1.1189694507323618,-0.7697159272562732,0.3496021949418049,-0.08201072809246945
2015-01-01,-1.7772862491504422,0.3084857575849296,1.233347359180832,0.2773799806400996,1.2823477451268301,-0.6488591400821759,0.4892867046970586,-0.16470215799713311
2015-02-01,-1.8836744558320488,0.5679581535352225,1.3591069072819697,0.23909724279180877,1.1920176474057527,-0.8370678548099593,0.4820707699835145,-0.11950841035626053
2015-03-01,-1.6486533900960019,0.5116928800974725,1.2297034007159622,0.1664947570991897,1.3134023701699855,-0.8234398256675346,0.30307253112980925,-0.052272723448882674
2015-04-01,-1.7069448317312976,0.6764256241149789,1.3116890741550402,0.0820321733284779,1.3413390652841062,-0.9031717638097325,0.2320389892509347,-0.03340833059250811
2015-05-01,-1.718477319784974,0.49773021859927846,1.228502523066988,0.17128076488022637,1.1939073549608785,-0.8551070082093564,0.47834190171292557,0.0038215647740327263
2015-06-01,-1.4533057744667757,0.3990649686841483,1.2335461845201632,0.06066122126622253,1.1919705180362494,-0.663077482639169,0.17309338952919617,0.05804697506996567
2015-07-01,-1.4392667587658514,0.36742887551136816,1.1980664777706784,-0.027885487847729706,1.2824909836587781,-0.6969578560130243,0.24138678046219564,0.07473698522358582
2015-08-01,-1.4120186753892043,0.29750831038120884,1.146320073917871,-0.15799747328102898,1.3136313189662965,-0.5535360385766828,0.2742185524890408,0.09187393149249923
2015-09-01,-1.318042320004663,0.27015101965314137,1.2334822256870936,-0.13990316607508935,1.6226885468351404,-0.9548438040154423,0.27071763167953966,0.015749866240278576
2015-10-01,-1.2996653482856817,0.11338835954239301,1.159553240607058,-0.24709096405146136,1.7719217380591665,-0.7598572783925057,0.328026893818961,-0.06627664129792904
2015-11-01,-1.3294859409151787,0.1577115650425127,1.0499772752924506,-0.23659970118679685,1.8397688036661004,-0.7907232884107205,0.38997781976204093,-0.08062653325040764
2015-12-01,-1.3383392665893794,0.17115267084833663,0.9382539867405362,-0.30742841554936895,1.831105435953269,-0.6584783330575932,0.376592963263346,-0.012859041609145139
2016-01-01,-1.4136331518658498,0.20602412982123708,1.1247835590880118,-0.42381136543488995,2.1217843739081172,-0.6990363671068562,0.278422433852755,-0.19453361226252514
2016-02-01,-1.5920130988237102,0.07974657430391385,1.0360358995543044,-0.47817987225920455,2.3322109308484644,-0.7689665939539999,0.5898901887281607,-0.19872402839792797
2016-03-01,-1.7097846320797443,0.015358586580296985,1.0414229242310213,-0.3837910522044473,2.388452804695536,-0.8832759249779726,0.7860735246422184,-0.25445623088690766
2016-04-01,-1.5930061516410465,0.12065788240342745,1.094782336430997,-0.32570452486933554,2.620127606474534,-0.9887913695075903,0.43584938863390077,-0.36391516792488693
2016-05-01,-1.5611439348464442,0.008435477706339123,1.0140216598358966,-0.25218157026462085,2.545368893195744,-1.0831221747690165,0.6027468067198888,-0.2741251575777862
2016-06-01,-1.741315548934404,0.14035772800855373,1.0176777794800649,-0.2751688830007146,2.4939415184684375,-1.156709469708219,0.7198533180477921,-0.19863644236150937
2016-07-01,-1.7911312636601173,0.1725150388863237,1.0601808756672735,-0.19142381709411604,2.5920508997141836,-1.3142907685646565,0.6853714994055283,-0.21327246435441885
2016-08-01,-1.9023751717669242,0.3029658996786422,0.896062109663704,-0.21802630421731384,2.7260892932304692,-1.5369716310346093,0.8571058717980506,-0.12485006735201795
2016-09-01,-1.831366888821038,0.3136128006049812,0.8267457309544043,-0.24127550812787502,2.673539601579965,-1.3836664850951785,0.7267793151824007,-0.08436856627765893
2016-10-01,-1.8994900399327965,0.32886739610549465,0.8350875767738274,-0.186905553530624,2.5616091991861385,-1.3601760745956464,0.7883659506632902,-0.0673584546696846
2016-11-01,-1.8038416798191181,0.12211856452973513,0.6773259926286122,-0.03539556160253543,2.691847456895618,-1.9251610021040506,1.1553655687327855,0.11774066073895378
2016-12-01,-1.8402710019645165,0.02163863024698376,0.5525572801809856,-0.1005089010328668,2.8987052763448737,-1.8549745362116017,1.2227882179969725,0.10006503443916938
2017-01-01,-1.5072857570896252,0.04432043273749353,0.6904493370183007,-0.06440853880417874,2.824223738141254,-1.8514824613695244,0.8200036603320622,0.044179589034218814
2017-02-01,-1.5999025995399578,0.08312961337487235,0.6932995360620531,-0.03748192242724002,2.8017983517517164,-1.8833581318698893,0.8955387228748634,0.04697642977358246
2017-03-01,-1.6145439265182544,0.02042002948205668,0.7555734186319761,-0.10874221516341875,3.001928238886059,-1.8574995333705613,0.8873020990402845,-0.08443811098814152
2017-04-01,-1.4603327955859513,-0.09685222011336664,0.7302093098846001,-0.0883633360728232,2.9711490391559234,-2.063333021319247,0.9515248394332293,0.055998184617634755
2017-05-01,-1.5077462102555843,-0.1653644973886459,0.660557223085306,-0.19365367435188618,2.900022358677968,-1.9171163897007824,1.1174844861187876,0.10581670381483615
2017-06-01,-1.3607773341602398,-0.26876126621522445,0.7651186085985291,-0.3162245561501142,2.77593161809219,-1.6972209669865503,1.0089372645253358,0.09299663229607487
2017-07-01,-1.2190752763464647,-0.37029705938998014,0.8971743128463663,-0.221861555374943,2.886352786181538,-1.982344409390455,0.9492215281704173,0.060829673303521056
2017-08-01,-1.0904708762613884,-0.4083532967524188,0.7311591086885114,-0.22946617483783138,2.8093912220168398,-1.8590095645635585,0.9166924441492523,0.13005713756059284
2017-09-01,-1.1428371824187147,-0.5237431443514177,0.7386614043365897,-0.2033607371228447,2.86605289640045,-2.058895657024797,1.1711847278125296,0.15293769236820406
2017-10-01,-1.1320127882505502,-0.5188858001350651,0.7071915773888057,-0.27398367261159334,2.850815765789539,-1.95156562354822,1.1380526225132532,0.18038791885382985
2017-11-01,-1.1784141064405818,-0.5908821959118207,0.6129668226126117,-0.4948720238632576,3.4450027121133564,-2.364208146473575,1.3807408147542972,0.18966612320897
2017-12-01,-1.1644532640013345,-0.6556196755659566,0.5883240290943846,-0.36681403210782193,3.4454142199748814,-2.382566619894089,1.3397760061571218,0.19593933634281477
2018-01-01,-1.1942037915377899,-0.7353858838343272,0.5937988674049527,-0.49439838092462196,3.160164236047901,-1.7916096441332598,1.2563101295907366,0.2053244673864086
2018-02-01,-1.195381563817587,-0.6590002933245992,0.44469630237440483,-0.597281591427486,3.1954678306386004,-1.8113290232628725,1.3711384369161888,0.25168990190335017
2018-03-01,-1.20672733403927,-0.7635038319556477,0.29101719049168834,-0.8459270994782,3.6502807946472267,-1.8501989922435866,1.477405668178555,0.24765360439923448
